Ground Truth,Predicted
p0lpkbpq,p0lpkbpq
3ndbe,3ndbe
se2v0eadx,se2v0eadx
ia63t,ia63t
tbtavcauq,tbtavcauq
zqn,zqn
x6nl71v9,x6nl71v9
g9n,g9n
0qxr32u,0qxr32u
2mhvpemkz,2mhvpemkz
1i2x2,1i2x2
uf5,uf5
5d7y,5d7y
wpdklbgrs,wpdklbgrs
fl1w,fl1w
bxfxwi,bxfxwi
427x943d,427x943d
y65,y65
egqf6,egqf6
4lh3kbe0,4lh3kbe0
fl4tyd1g,fl4tyd1g
ll8w,ll8w
b1ao,b1ao
8gla7icb,8gla7icb
62uc02jsp,62uc02jsp
yzugah8rj,yzugah8rj
0s4hoxad,0s4hoxad
5y779c4fl5,5y779c4fl5
0zmiz,0zmiz
4uf5tknt5,4uf5tknt5
67p,67p
o3mxo,o3mxo
w8ybmflso,w8ybmflso
v7m5h4mb3y,v7m5h4mb3y
94w,94w
ettmrqr,ettmrqr
w6fm015g,w6fm015g
wmz,wmz
4nc,4nc
y131yaz6tw,y131yaz6tw
ddjuzgfmdy,ddjuzgfmdy
z1envf,z1envf
lbfg5,lbfg5
08nklc,08nklc
iejv5,iejv5
m5lzrw,m5lzrw
fytx8f7,fytx8f7
7y0,7y0
dto3t9uang,dto3t9uang
c1cdoszjvj,c1cdoszjvj
hsauzr18t,hsauzr18t
kuaqtj,kuaqtj
25bzd,25bzd
980,980
si9o,si9o
i6zekqjrd1,i6zekqjrd1
3zykcfwqz,3zykcfwqz
hub,hub
xk0,xk0
3pz3,3pz3
50uhomecl,50uhomecl
stto,stto
pxu5,pxu5
23hw76c,23hw76c
2ivp8a,2ivp8a
qzrw0,qzrw0
trtm,trtm
e6n2,e6n2
gxiuabwfsf,gxiuabwfsf
gub,gub
d6us49xf,d6us49xf
8xx952pti,8xx952pti
jzla,jzla
cztw,cztw
pjuevbjugp,pjuevbjugp
efmd,efmd
cinnd3k,cinnd3k
pjgid2fr0o,pjgid2fr0o
nuyn0mw8,nuyn0mw8
euq23w1,euq23w1
bbh47,bbh47
03ipnhyug8,03ipnhyug8
cybvq,cybvq
u12,u12
3202losqt,3202losqt
tgvyu,tgvyu
4g7y3,4g7y3
gas87,gas87
rm0do12zg,rm0do12zg
s2aoagz2,s2aoagz2
j4iqy4pin,j4iqy4pin
g4o,g4o
yg06wk,yg06wk
vzvtp7hr0,vzvtp7hr0
urx,urx
rfcxw,rfcxw
zc21hub1ov,zc21hub1ov
shqy3,shqy3
q2fdu9,q2fdu9
375x47m53y,375x47m53y
xgzc7,xgzc7
y4fpv,y4fpv
0qyq4qdpdz,0qyq4qdpdz
m85j,m85j
i1hmr2,i1hmr2
7hm9n,7hm9n
60t,60t
abf6d7hbrl,abf6d7hbrl
qcapf74h,qcapf74h
k2r,k2r
mx3f35,mx3f35
x8m,x8m
zujj0t3wv7,zujj0t3wv7
tf2y,tf2y
d7qw7d2kg,d7qw7d2kg
xsbs,xsbs
e02ppz2oaj,e02ppz2oaj
y5x3,y5x3
w6pk10lxot,w6pk10lxot
no2od19,no2od19
eswxu1x3,eswxu1x3
ljb6r3lm,ljb6r3lm
br32a8q29,br32a8q29
fmss7,fmss7
kypgysp,kypgysp
flq09ws,flq09ws
aepaadfvz,aepaadfvz
3l92m4n,3l92m4n
62ie50,62ie50
ahokl9pxo,ahokl9pxo
0w5em,0w5em
0tsfy9age,0tsfy9age
y72k9u,y72k9u
798,798
7h9c1,7h9c1
m3hl1,m3hl1
lbga4wva0,lbga4wva0
pympe62,pympe62
ncz,ncz
g0ci8nxu,g0ci8nxu
o61ud,o61ud
v7v7qe,v7v7qe
ntumups,ntumups
pwcnb,pwcnb
dwkjc0pj,dwkjc0pj
139ybai67k,139ybai67k
cogqo6yybq,cogqo6yybq
z91ftimo,z91ftimo
m9fd5dcy4,m9fd5dcy4
p01b3pbh,p01b3pbh
dkxl,dkxl
lj0ybbrpc,lj0ybbrpc
ucnjxtz1x5,ucnjxtz1x5
e9ifzhks,e9ifzhks
7lhw,7lhw
amvwmy,amvwmy
va1l,va1l
zdmw,zdmw
tw6me5nfx,tw6me5nfx
ge9fmucktk,ge9fmucktk
chi,chi
fgvexi6r,fgvexi6r
1d9m,1d9m
3rovpj0wyi,3rovpj0wyi
dbc,dbc
nag6v4xj7,nag6v4xj7
14j9u9z9d,14j9u9z9d
m4y,m4y
rur6nk7k,rur6nk7k
gzv54y1d4f,gzv54y1d4f
xutg6,xutg6
z4xpk5rd,z4xpk5rd
lmo,lmo
xkm,xkm
c9769rhwv,c9769rhwv
owe583b,owe583b
3cq2nw0z,3cq2nw0z
ew46w2,ew46w2
xyke,xyke
e9grd9k6,e9grd9k6
3bso3xk,3bso3xk
3edz2q0,3edz2q0
lnqmvkj,lnqmvkj
103,103
om15626du,om15626du
8ds01jjvkk,8ds01jjvkk
btm,btm
zqa,zqa
iwuzp5,iwuzp5
0nhxa6mz1f,0nhxa6mz1f
rco,rco
5t6t,5t6t
pwd26ztqw,pwd26ztqw
tgz8e,tgz8e
5m9we,5m9we
ix33i,ix33i
womzbv94u,womzbv94u
4kxa,4kxa
bk2po,bk2po
s4yhb9r6,s4yhb9r6
gufoz,gufoz
i8nfu32,i8nfu32
l1vxeouj,l1vxeouj
ox3,ox3
kahft3vo,kahft3vo
4br5d0srl,4br5d0srl
078lr75bd,078lr75bd
g07qmy3,g07qmy3
3nb5rq,3nb5rq
1o62b,1o62b
m9yxa,m9yxa
b4nl,b4nl
ckilc28d,ckilc28d
vdhy28,vdhy28
yc7zbz46,yc7zbz46
0toyu,0toyu
61ga3y9,61ga3y9
sq5rqf,sq5rqf
lsv9l07l4,lsv9l07l4
25t,25t
1l9jejq,1l9jejq
gzljxtxgz,gzljxtxgz
t4t,t4t
320,320
qu2l,qu2l
g07ca65,g07ca65
p9byjey,p9byjey
w3nz5vr10,w3nz5vr10
o6z0x,o6z0x
e6b359pu3,e6b359pu3
p6qr,p6qr
0huh,0huh
p7xn60lj3r,p7xn60lj3r
ycrtmix,ycrtmix
5iwj3c,5iwj3c
85to1b,85to1b
z7c,z7c
czx7mxuo,czx7mxuo
ij54whi,ij54whi
kzc3iddowr,kzc3iddowr
avs,avs
j929ksa,j929ksa
436dydmwxm,436dydmwxm
k4rlj,k4rlj
s5a236zl,s5a236zl
8z7m,8z7m
shq8e1dd8,shq8e1dd8
l27sn,l27sn
we0,we0
jthdcbkt2,jthdcbkt2
f4k7,f4k7
75u2,75u2
x3n,x3n
zjzxclo,zjzxclo
ybuqky8gpt,ybuqky8gpt
udvjk,udvjk
kj8rnc81,kj8rnc81
tutp,tutp
rxi4eg70,rxi4eg70
qihf,qihf
ph9p7e,ph9p7e
wz6r,wz6r
0bxp1ziv,0bxp1ziv
bjd9lp,bjd9lp
yud8d2,yud8d2
o2iy,o2iy
bynetqn,bynetqn
58e2tnhv,58e2tnhv
dbzajblh,dbzajblh
hl2mjq89y,hl2mjq89y
5ry3cdcc9v,5ry3cdcc9v
zao4kfanp1,zao4kfanp1
6wx4,6wx4
z1cv6il8u,z1cv6il8u
nkl,nkl
jldmtqxv,jldmtqxv
rn9lap5,rn9lap5
gd7w0e3rk,gd7w0e3rk
ph0zyr22,ph0zyr22
3drub,3drub
ge65mr1h,ge65mr1h
f42zyfc,f42zyfc
ckpgox7g,ckpgox7g
ejen3ct5,ejen3ct5
bpwxolr,bpwxolr
9seuc,9seuc
nh8fyzu,nh8fyzu
bjvq,bjvq
39f,39f
2mt8sg,2mt8sg
88q,88q
mdlq1g09,mdlq1g09
ib0p2ozy,ib0p2ozy
3waeeq,3waeeq
4frbgczn5z,4frbgczn5z
yu2p7,yu2p7
29q1k8k,29q1k8k
v48frjcuc,v48frjcuc
59f2g7,59f2g7
4s2kk,4s2kk
xj2du49,xj2du49
9n6q,9n6q
19v,19v
dajlqo2pp,dajlqo2pp
wd5p,wd5p
plqa35,plqa35
ub0ubchxm6,ub0ubchxm6
qez8s5kul1,qez8s5kul1
5z85vodhm,5z85vodhm
1dbgo,1dbgo
d9p1mn,d9p1mn
52cexxrb,52cexxrb
lykp52,lykp52
bv4qfs3l,bv4qfs3l
o9mfza,o9mfza
yjggdy,yjggdy
sbcictf7q2,sbcictf7q2
ub27z,ub27z
sb47icj,sb47icj
t2apn0uwt2,t2apn0uwt2
458j,458j
fynabbednb,fynabbednb
sbso9og,sbso9og
6hn,6hn
gkgfxrjsh,gkgfxrjsh
yvf,yvf
yset8ji,yset8ji
1zu1,1zu1
q94912nq,q94912nq
w8t9ka4,w8t9ka4
3k1iuwwir,3k1iuwwir
ntjysluhwx,ntjysluhwx
rvvju,rvvju
uht7ubu,uht7ubu
n9uhosu4,n9uhosu4
7b36wo53rw,7b36wo53rw
jwf,jwf
yuv,yuv
5ou,5ou
umsqm34z3o,umsqm34z3o
n6wepkglaq,n6wepkglaq
be56tqgx,be56tqgx
1p3fdqxmab,1p3fdqxmab
neiqi,neiqi
b2tkbo5fkm,b2tkbo5fkm
uy19tl84lj,uy19tl84lj
nkr31ax690,nkr31ax690
1jl1euqx,1jl1euqx
c3zjutv5,c3zjutv5
7vyozpjbau,7vyozpjbau
qmzuv1wfw5,qmzuv1wfw5
p1rxt,p1rxt
oax,oax
s6y3o87yf,s6y3o87yf
ww2srhznm,ww2srhznm
l2ro,l2ro
ss2l2rrva,ss2l2rrva
4xw87a7a,4xw87a7a
jbtajx,jbtajx
tqcj18,tqcj18
u95gf0aorq,u95gf0aorq
5m6g,5m6g
8rth0eak,8rth0eak
r60j6a,r60j6a
exo,exo
pp583ottc,pp583ottc
o2cc,o2cc
utrnb8,utrnb8
ifwq1p,ifwq1p
dmido,dmido
axbjypl23,axbjypl23
sf4bi09cw,sf4bi09cw
bzf8wfxa,bzf8wfxa
lc9w,lc9w
1jg7r8vs6,1jg7r8vs6
kh5lam,kh5lam
iizsl,iizsl
1psfb,1psfb
p4fv3r,p4fv3r
ba4yd8lj2z,ba4yd8lj2z
qeza,qeza
5q3rozsmyb,5q3rozsmyb
c3ponq7,c3ponq7
jlhqjuuf4a,jlhqjuuf4a
bh6h,bh6h
l9dahu,l9dahu
qyf,qyf
orm2dwt23,orm2dwt23
gmw5xtrxj,gmw5xtrxj
9noo3h4aj,9noo3h4aj
ik2kdng8f2,ik2kdng8f2
jvj2twu8,jvj2twu8
lbtn6png,lbtn6png
704ndhgf,704ndhgf
v0sk8cr9y,v0sk8cr9y
a55d5a3,a55d5a3
qbl08gh6a,qbl08gh6a
rdqd2e0y,rdqd2e0y
d078e3c321,d078e3c321
rwlsnq,rwlsnq
2i9,2i9
j1ah4bjo,j1ah4bjo
q9l,q9l
wgzx,wgzx
p8x2260a,p8x2260a
ngy0w,ngy0w
9o3lmko,9o3lmko
vq8j1m68,vq8j1m68
600,600
nlzllu9f4,nlzllu9f4
p70,p70
ri7uvzr,ri7uvzr
lz1vy,lz1vy
s7nn,s7nn
tud83j8x,tud83j8x
ylqhv19cw,ylqhv19cw
l0nk,l0nk
3u4,3u4
56geabxt8,56geabxt8
jzm5q,jzm5q
lfb,lfb
aps,aps
nfuovm,nfuovm
8raacwlrt4,8raacwlrt4
ydwhekm,ydwhekm
c33jmlwpgd,c33jmlwpgd
jvzxqry0vv,jvzxqry0vv
3tu2xigi,3tu2xigi
jhp4g80ko,jhp4g80ko
0pt8,0pt8
o3ao78,o3ao78
ju4jhn,ju4jhn
2ax,2ax
3ysqt,3ysqt
0rfm4c4j,0rfm4c4j
w14opn5d,w14opn5d
bkz3j,bkz3j
i9d5xy,i9d5xy
qcttkrv,qcttkrv
1h0pse,1h0pse
1xu9pp1gpj,1xu9pp1gpj
emml3go0s0,emml3go0s0
nfs8,nfs8
gu6xp5df,gu6xp5df
rvmykoz,rvmykoz
nxycxpc,nxycxpc
s7r,s7r
wcb7xzyec,wcb7xzyec
m24b,m24b
lwn0etne7l,lwn0etne7l
0dtyb,0dtyb
xe55xqoq,xe55xqoq
baiszorc,baiszorc
hqed0zw3h7,hqed0zw3h7
t82w,t82w
jiw58wn1,jiw58wn1
ssxp328a,ssxp328a
4f8h,4f8h
rrd9,rrd9
cbhnj,cbhnj
y78n,y78n
ct4h0u,ct4h0u
zqhwgvx,zqhwgvx
it1g,it1g
39qatyc3m5,39qatyc3m5
u4s6wn57fh,u4s6wn57fh
ovlrypz3,ovlrypz3
91msgi,91msgi
p1no9lrj,p1no9lrj
byw7dz3,byw7dz3
tjp2fl3,tjp2fl3
m3guf,m3guf
gtudod,gtudod
4rfz4ig,4rfz4ig
pxbd6g7i,pxbd6g7i
sbq083,sbq083
h265,h265
i45764eyw4,i45764eyw4
s1j7afmf6i,s1j7afmf6i
y8i3,y8i3
8kj3h,8kj3h
gx4szrey5,gx4szrey5
u2r2o37kf1,u2r2o37kf1
njel,njel
u8zgvfqc0,u8zgvfqc0
dscb3h,dscb3h
2jthxl,2jthxl
ynys1gwefm,ynys1gwefm
h8u6ipmw,h8u6ipmw
8yi1opv68h,8yi1opv68h
okp,okp
sg1me857xk,sg1me857xk
o2l5,o2l5
a1heh,a1heh
dikj1o,dikj1o
gmuyp,gmuyp
zgmp,zgmp
ewq,ewq
ie5k9g,ie5k9g
mr1kwt1n,mr1kwt1n
s4j9wir,s4j9wir
ly3hntr,ly3hntr
k5v9e3sp,k5v9e3sp
lbn7xur,lbn7xur
11n,11n
nri9swfmz,nri9swfmz
4859,4859
x6zb,x6zb
f4viu,f4viu
bn7wbcyd4,bn7wbcyd4
yz7ozkm,yz7ozkm
l36uz,l36uz
80f,80f
y5h200fonu,y5h200fonu
3tcdedib,3tcdedib
fzj89,fzj89
j87,j87
gl8mcujg,gl8mcujg
vxk1v2,vxk1v2
715iwwlo7,715iwwlo7
lhunb,lhunb
yt9m7z30,yt9m7z30
c4sarxy3lm,c4sarxy3lm
ce0ch,ce0ch
e6g9i,e6g9i
8lv,8lv
y0ls2t934,y0ls2t934
2n55c,2n55c
cc6,cc6
p89qr6w3,p89qr6w3
b1s0,b1s0
vcyhovqb,vcyhovqb
knfny,knfny
mf29kpbv,mf29kpbv
62u11wx,62u11wx
vbo,vbo
iuxf41ph,iuxf41ph
8frj13yz,8frj13yz
ntideki58d,ntideki58d
jircciz,jircciz
1f8l1s0,1f8l1s0
jzs,jzs
9m5,9m5
pg88igh,pg88igh
wcvo,wcvo
a4xrtd56,a4xrtd56
3heq,3heq
r39hd5yb,r39hd5yb
upzd,upzd
n3z,n3z
987,987
bdess1sb1,bdess1sb1
sflmmmlk53,sflmmmlk53
k9bh3,k9bh3
q9w056f,q9w056f
rnk,rnk
6sv,6sv
1qopgvw6,1qopgvw6
z39wmu,z39wmu
6muc001qa,6muc001qa
q76,q76
zp0jd0gdmd,zp0jd0gdmd
aun,aun
n8aq4plr64,n8aq4plr64
p78wwm,p78wwm
c5pq0,c5pq0
dafpxmi0,dafpxmi0
g8k8hukr0,g8k8hukr0
22sapge4dv,22sapge4dv
4y6me,4y6me
8glnrn1cv1,8glnrn1cv1
ssvir,ssvir
p04k2,p04k2
4aiqd9qae,4aiqd9qae
zj2x,zj2x
iq3yabue2,iq3yabue2
51m225,51m225
6ivq5ho,6ivq5ho
53g0wl,53g0wl
kfn8h,kfn8h
pe5l,pe5l
alxh,alxh
qpco3bdg4m,qpco3bdg4m
un67y9uz,un67y9uz
aotsza07jw,aotsza07jw
rftz0,rftz0
hyd,hyd
p7gsx,p7gsx
3b6el00c0b,3b6el00c0b
x1t59clf,x1t59clf
jiqcizjs,jiqcizjs
s2uzr,s2uzr
0l8janktv,0l8janktv
ypljprdq,ypljprdq
9ev,9ev
rat,rat
tq3ls6,tq3ls6
z07o361z,z07o361z
6rr,6rr
sl0g,sl0g
clqw,clqw
w0bmhqvqm,w0bmhqvqm
fsec5h,fsec5h
9rxvihu7,9rxvihu7
cqmo2x4m,cqmo2x4m
ccamw,ccamw
kq4i9q,kq4i9q
2m2zblb,2m2zblb
ndxwdciq,ndxwdciq
9je,9je
d40yj,d40yj
jmij5cy9,jmij5cy9
nidq06f6,nidq06f6
2vu89i1tw,2vu89i1tw
58pbnx,58pbnx
ryvdgx,ryvdgx
bdco,bdco
9ndav5nt0,9ndav5nt0
2kvsp0,2kvsp0
9a8n6vl,9a8n6vl
ejll5k36,ejll5k36
c81,c81
nbj,nbj
lsz2s044,lsz2s044
akqh,akqh
5r64bqz,5r64bqz
0qlx,0qlx
ohz3g30l4,ohz3g30l4
jplsd5,jplsd5
n7wdtdxf7w,n7wdtdxf7w
mujgcw,mujgcw
bngap0nj2,bngap0nj2
tnindbj0k,tnindbj0k
qba,qba
eoxfov,eoxfov
smta,smta
4vk6sh,4vk6sh
0deen,0deen
oxyixyt,oxyixyt
i15ozg13,i15ozg13
im3nagzrz,im3nagzrz
g6z,g6z
ssc022,ssc022
mju4l,mju4l
2uge5vt9,2uge5vt9
37i00yq,37i00yq
a8y2974l,a8y2974l
8ijolj7u,8ijolj7u
jv7,jv7
xosuk5k,xosuk5k
zgg7yq,zgg7yq
quu6c9a,quu6c9a
23rq46,23rq46
1shtcq9kb,1shtcq9kb
jlnbs4ul,jlnbs4ul
l6r3,l6r3
0hzpqhlomw,0hzpqhlomw
3eeqxwiku4,3eeqxwiku4
120bze,120bze
gsrxnlm,gsrxnlm
7pnwxm4q,7pnwxm4q
ixt,ixt
q9iley,q9iley
1af7jz36,1af7jz36
93qb5d,93qb5d
qhlycmk,qhlycmk
pi5rw7y8,pi5rw7y8
qhnj8n,qhnj8n
nia,nia
x6fva4gfrp,x6fva4gfrp
vslj,vslj
gf6ny1,gf6ny1
cjgarxhh,cjgarxhh
s6su,s6su
4yy,4yy
dna,dna
di6iwg44a,di6iwg44a
iofbi5u,iofbi5u
ctlw,ctlw
3diav4oe5,3diav4oe5
fw5wr3vyjd,fw5wr3vyjd
zp1bpw0b8,zp1bpw0b8
9frj16joz,9frj16joz
mca7,mca7
hu37tbt,hu37tbt
o3h0dx19w,o3h0dx19w
uaf8yzvs,uaf8yzvs
wiil9ggxj,wiil9ggxj
edm8v590,edm8v590
8y7opal,8y7opal
5w50xf,5w50xf
52x8hkhlp,52x8hkhlp
xbyh,xbyh
jd9nu7ecc8,jd9nu7ecc8
eryh,eryh
l9p7at,l9p7at
8clfi,8clfi
efdd,efdd
rowb,rowb
bpyibz9zqf,bpyibz9zqf
gvy,gvy
mmyfxl,mmyfxl
g57,g57
owqpi7,owqpi7
e0iw,e0iw
qizfk,qizfk
zmepym,zmepym
hyr7j93gv,hyr7j93gv
4i6lb,4i6lb
wa3j5t9,wa3j5t9
lh284qet,lh284qet
isb0,isb0
iu1yomn9k,iu1yomn9k
k4rw,k4rw
88r,88r
nc3,nc3
knrcctmff,knrcctmff
d136vn5gm,d136vn5gm
2p4acnp,2p4acnp
lyy,lyy
c25dn5t,c25dn5t
z2b53i,z2b53i
cu5qz4myh,cu5qz4myh
4wb,4wb
987bd4sx3k,987bd4sx3k
rx4m,rx4m
gxlz8dy3,gxlz8dy3
fh9ihv8xaq,fh9ihv8xaq
4qgh43mwuc,4qgh43mwuc
j2iq9vs,j2iq9vs
u31ijuc,u31ijuc
tcchh66j8,tcchh66j8
z0xaztmvgo,z0xaztmvgo
15rmn18,15rmn18
aj9xdgkg2,aj9xdgkg2
nrlbgqk,nrlbgqk
qul,qul
tlovbekh,tlovbekh
u46bmaw,u46bmaw
fjs0j,fjs0j
8skw,8skw
fjep3,fjep3
ampux,ampux
hg2r,hg2r
dn17ct,dn17ct
n1lj1wzja,n1lj1wzja
fue55mm05,fue55mm05
k3l,k3l
3srs7u,3srs7u
3zl4,3zl4
oaunj7,oaunj7
u37,u37
1kqha7udk,1kqha7udk
l0vfbvb7wc,l0vfbvb7wc
usnhb8vaec,usnhb8vaec
qupbrkjlcm,qupbrkjlcm
6fzgq9bzz,6fzgq9bzz
wvpbxuid,wvpbxuid
htsflnicn,htsflnicn
c85bo4,c85bo4
8206eor,8206eor
tqkzyn,tqkzyn
4k97g,4k97g
r169zrrzpt,r169zrrzpt
6dt4,6dt4
ofkhigx7zt,ofkhigx7zt
or1f,or1f
a1alu0js3,a1alu0js3
lm53k,lm53k
8peinz1u1,8peinz1u1
ly2,ly2
8yj8,8yj8
47ja7q1,47ja7q1
w3mrnne,w3mrnne
smggmqbwk,smggmqbwk
c9rwoykl,c9rwoykl
khg,khg
k8nncw7,k8nncw7
lk8jkiy2r,lk8jkiy2r
ss5,ss5
awbnbxdh,awbnbxdh
0c4e2eb,0c4e2eb
k62ze,k62ze
mf1f9cy,mf1f9cy
3hukg0,3hukg0
5gcuabhx6,5gcuabhx6
2yq,2yq
a4mk6srvd9,a4mk6srvd9
d8xwiw4,d8xwiw4
qc8z,qc8z
i1htx,i1htx
0643fckwl,0643fckwl
5z0mr,5z0mr
qtxm4pld3,qtxm4pld3
fbf,fbf
iqu0kc95m,iqu0kc95m
541,541
84gbcz,84gbcz
4y7sabam,4y7sabam
jjs8k51l4l,jjs8k51l4l
crs81qo,crs81qo
o43rku,o43rku
70vjhj5j3,70vjhj5j3
ee54xr9,ee54xr9
z67,z67
bjgws,bjgws
t7e542zw,t7e542zw
v36mlb,v36mlb
b2u,b2u
ctk,ctk
amo90g,amo90g
jof4,jof4
nhwnou00,nhwnou00
q2p,q2p
rn6,rn6
3jfc4s,3jfc4s
m9q,m9q
9kjjsy14p,9kjjsy14p
8bc,8bc
eaex5sr4,eaex5sr4
1pa,1pa
opfhrid,opfhrid
dqivcq,dqivcq
gnqiczaht,gnqiczaht
x3c6uqafi,x3c6uqafi
k2dosly,k2dosly
krt15,krt15
ts0bbqdgv,ts0bbqdgv
txsd,txsd
7s21r2eo,7s21r2eo
u1m,u1m
hm5easeu,hm5easeu
bfut4smx4,bfut4smx4
zxs1e9yi8,zxs1e9yi8
7bu2t8,7bu2t8
x105g6ppku,x105g6ppku
fkv6,fkv6
aw1,aw1
ioz,ioz
99vm,99vm
7faz,7faz
2gam,2gam
5fgajc,5fgajc
viyz0j,viyz0j
qk94po,qk94po
dvy57l,dvy57l
z2ona,z2ona
crmg2q293l,crmg2q293l
79zn,79zn
j875kcs,j875kcs
xom83n9g96,xom83n9g96
5dludvr,5dludvr
9wziewzswq,9wziewzswq
w9tu9ist3,w9tu9ist3
khr,khr
cgu5zpitc,cgu5zpitc
7rdffw,7rdffw
0csrmc3ds,0csrmc3ds
o9oml4d5f7,o9oml4d5f7
v5frt,v5frt
t2vrjdtf7,t2vrjdtf7
pci8gp7xx,pci8gp7xx
wjwit,wjwit
cdohedx,cdohedx
wr3x7,wr3x7
0smcwcnohc,0smcwcnohc
32menuriaj,32menuriaj
s6qdihl,s6qdihl
w4x7,w4x7
3pmyw6,3pmyw6
ipr,ipr
rovl,rovl
3i9a,3i9a
v9s2l01a,v9s2l01a
x4d774qe,x4d774qe
vy5,vy5
30h5sld,30h5sld
rh6,rh6
q6h12xp,q6h12xp
1o3lh0x,1o3lh0x
yfk2wezw7q,yfk2wezw7q
9fj2y89i6,9fj2y89i6
cgz,cgz
4mrprdh,4mrprdh
mqn,mqn
ksps,ksps
wg2b71,wg2b71
nvl,nvl
dh4x443o,dh4x443o
a236edt,a236edt
t4qm6,t4qm6
0ftsh6tbzo,0ftsh6tbzo
44hey,44hey
xxb3zf0,xxb3zf0
pkpfgg2bti,pkpfgg2bti
wz1kn26x,wz1kn26x
h9qi99g1k,h9qi99g1k
qo64ivig0g,qo64ivig0g
4jpoq3i42h,4jpoq3i42h
7tzp4,7tzp4
eqqwjotvr,eqqwjotvr
wbwwsjsf,wbwwsjsf
hbrs89e29,hbrs89e29
0sv,0sv
phce8y,phce8y
uet,uet
8ipvwa1b6p,8ipvwa1b6p
ofm,ofm
etbuk4,etbuk4
7tor,7tor
rfaeoo,rfaeoo
j1kfdu9nh,j1kfdu9nh
p6ucchw,p6ucchw
bbcp3o26x,bbcp3o26x
82k1qxwtw,82k1qxwtw
wbnmp9,wbnmp9
h354m1i,h354m1i
74nmsjjj3,74nmsjjj3
6py,6py
yai7oubtt,yai7oubtt
2j58oo441,2j58oo441
be85hshx95,be85hshx95
xy0kgb0,xy0kgb0
q1yqlwilwi,q1yqlwilwi
0axff87,0axff87
xjdczr7gfb,xjdczr7gfb
lfxgebcha,lfxgebcha
2p17y5,2p17y5
l4av,l4av
nyr,nyr
dg0q,dg0q
owv4j,owv4j
fop9tf,fop9tf
cwtvi,cwtvi
wjvsa,wjvsa
eyt65e,eyt65e
vpj,vpj
f4jwa4of,f4jwa4of
5gdouf3mp,5gdouf3mp
fri,fri
7pgpzcq1,7pgpzcq1
6yv,6yv
u9j5xkj,u9j5xkj
v9rj3ygdz,v9rj3ygdz
267ijer,267ijer
5dtog9s,5dtog9s
2ur,2ur
o99z6b,o99z6b
flk9o7lzz,flk9o7lzz
4zrg93j,4zrg93j
dv676,dv676
97su,97su
erkqpifgi,erkqpifgi
hbdvh9n,hbdvh9n
i7f4v3wl3z,i7f4v3wl3z
gtswr3hcn,gtswr3hcn
6ha3a2gft,6ha3a2gft
axyswhy,axyswhy
kto4i,kto4i
ggqfzl,ggqfzl
1pqaaf7lp,1pqaaf7lp
qw2b72yiau,qw2b72yiau
u7jmx0nm,u7jmx0nm
kgwwk3g06,kgwwk3g06
47aouo,47aouo
z71zxfcup,z71zxfcup
dkoklaqu,dkoklaqu
obk66gfw4,obk66gfw4
4wq,4wq
uqo,uqo
oufk3n,oufk3n
ucpl,ucpl
2wau8wbud,2wau8wbud
jqzmq9l6,jqzmq9l6
utifp7h,utifp7h
v318iam,v318iam
fguujm,fguujm
h86dymatoa,h86dymatoa
uc3byruivj,uc3byruivj
nmwl69e3s9,nmwl69e3s9
37i,37i
o695y6,o695y6
snyr0ihid,snyr0ihid
rf0ftlxta,rf0ftlxta
r3fr,r3fr
q3sz2ki,q3sz2ki
b7woe0824,b7woe0824
0olr541,0olr541
o6fgw1tsgw,o6fgw1tsgw
2sktc,2sktc
y4ybxz0r,y4ybxz0r
geqj7o2sk,geqj7o2sk
k5hjb33,k5hjb33
g2beqxggi3,g2beqxggi3
j8ldpchf,j8ldpchf
mvmz,mvmz
tr2zqt9s3,tr2zqt9s3
vobg,vobg
g6ixzyntb9,g6ixzyntb9
ab79s,ab79s
catob1,catob1
y7ren,y7ren
wl4k62,wl4k62
k71q18,k71q18
vedfmzux0,vedfmzux0
mz2ib0g1w,mz2ib0g1w
1ioki833yi,1ioki833yi
bd5zo,bd5zo
ojf1z,ojf1z
n7ym,n7ym
wx43s,wx43s
i3vk,i3vk
8y1,8y1
4mnbsp,4mnbsp
g3ichp7,g3ichp7
9os,9os
o5lubwjk,o5lubwjk
8p3q,8p3q
bqdwq21b,bqdwq21b
86z26ui,86z26ui
j8owa2e0,j8owa2e0
fcaq,fcaq
q8fduw5k,q8fduw5k
d9m,d9m
5x823,5x823
azi80y,azi80y
95q5wj3r,95q5wj3r
8n49cgoqq,8n49cgoqq
ux13d7,ux13d7
9z02dooo3g,9z02dooo3g
poi,poi
c911a95pp,c911a95pp
4u7g,4u7g
bqblg5la,bqblg5la
uiknlki1na,uiknlki1na
p88mobx,p88mobx
s8aplhxgz,s8aplhxgz
ydmfhcvxi,ydmfhcvxi
30dxbi,30dxbi
pnvunav8,pnvunav8
q64mvtoy7,q64mvtoy7
t5rlncc7q1,t5rlncc7q1
ia55mx08,ia55mx08
4ftzu2czd0,4ftzu2czd0
wv86i5uqz1,wv86i5uqz1
ehrapzdta,ehrapzdta
13w1,13w1
8ut8lxd64v,8ut8lxd64v
wjr7h2dnm,wjr7h2dnm
qc5uxs98,qc5uxs98
syotghv,syotghv
9ug,9ug
ulnuv2,ulnuv2
rfscct8su3,rfscct8su3
w123v78p,w123v78p
9hek9c,9hek9c
4j1ce,4j1ce
aqopgd4,aqopgd4
hi3lyex7c,hi3lyex7c
z81xrvzx3y,z81xrvzx3y
dalz,dalz
1ys5,1ys5
0vef,0vef
clckt,clckt
m01jkry,m01jkry
fgbo9fqq1,fgbo9fqq1
9avk8,9avk8
o5hn0lfny,o5hn0lfny
ivvqru,ivvqru
bi2,bi2
a24om4z,a24om4z
0y0ump2i,0y0ump2i
7otuld83nu,7otuld83nu
47dwhou9k,47dwhou9k
aaw,aaw
txsysrhskz,txsysrhskz
gk51ddk,gk51ddk
go4ri,go4ri
06pq,06pq
dwnp8op83z,dwnp8op83z
geaq,geaq
5q381zea,5q381zea
cbrryo05df,cbrryo05df
qsj7pz,qsj7pz
w63nnpeu,w63nnpeu
9ou3bgag5,9ou3bgag5
f4ehwgl,f4ehwgl
g4mrqetz,g4mrqetz
osx8k1xp,osx8k1xp
fmb9zzyc,fmb9zzyc
tvssvjh,tvssvjh
ex7oo,ex7oo
8t8xexcd,8t8xexcd
vpw7qcgdw,vpw7qcgdw
xfl5rujr,xfl5rujr
rnsi6gjql,rnsi6gjql
isw,isw
c0ijh8p8nf,c0ijh8p8nf
y4ybwjdnc0,y4ybwjdnc0
sxlhect,sxlhect
ynym,ynym
uzfl5hjazf,uzfl5hjazf
bhemokh,bhemokh
5h3oewkr6,5h3oewkr6
2n0ovdwuf,2n0ovdwuf
hp6tu5,hp6tu5
745hu7,745hu7
z3icq5yeu3,z3icq5yeu3
vug,vug
fsck,fsck
u95egy,u95egy
i1ax8nbls,i1ax8nbls
6ze8a04,6ze8a04
lgkt,lgkt
0o4t,0o4t
bz7c,bz7c
v9sm,v9sm
tizikzfe,tizikzfe
4dhap,4dhap
iv35pya9ob,iv35pya9ob
nw41,nw41
gm1,gm1
4hx,4hx
jcznuu7,jcznuu7
3cwox35v9,3cwox35v9
9xf,9xf
2aobef9h,2aobef9h
14nexsk,14nexsk
dt7d17jymw,dt7d17jymw
axb,axb
zc30z,zc30z
wqxw4ivx,wqxw4ivx
9nv,9nv
40rexmoo6,40rexmoo6
6uecuxe5o8,6uecuxe5o8
uuk9y,uuk9y
qyww3oq,qyww3oq
d36dmx,d36dmx
n19sy3mav,n19sy3mav
usc,usc
1k1a,1k1a
1tzdjzuw5,1tzdjzuw5
bmr9x,bmr9x
gob904fr,gob904fr
9tpf6e7rde,9tpf6e7rde
j2dk2rr,j2dk2rr
8q9q0q,8q9q0q
n2n68f0,n2n68f0
leq778,leq778
xwn5x,xwn5x
w3qxr3e,w3qxr3e
ri4czo774s,ri4czo774s
p3arw,p3arw
ap3tzzo,ap3tzzo
vgxi60j,vgxi60j
xnlt7,xnlt7
fes,fes
xhmd,xhmd
9i3b,9i3b
vq11s7a,vq11s7a
owtf8et,owtf8et
fbber1,fbber1
4jvcuwxuw3,4jvcuwxuw3
t5sijx,t5sijx
qmlp9,qmlp9
0s0,0s0
oczv43b,oczv43b
7ex4y30,7ex4y30
tocfqdp2,tocfqdp2
0yqn1,0yqn1
ry5jg733,ry5jg733
al69,al69
ccnvsnuqkf,ccnvsnuqkf
r1b,r1b
7gi,7gi
9l58,9l58
hj5ek,hj5ek
zsiscw6ic,zsiscw6ic
90dk,90dk
9xy97,9xy97
z948yc,z948yc
0prla8d,0prla8d
ukqoqk,ukqoqk
7nd1,7nd1
xft,xft
960i,960i
ajc3,ajc3
f57a,f57a
b49vu,b49vu
gy4zyw,gy4zyw
e098mgji6a,e098mgji6a
gqqa18,gqqa18
9l0ho88bw,9l0ho88bw
b92c56soa,b92c56soa
3jem0pddbo,3jem0pddbo
pdw,pdw
ykl2muzp,ykl2muzp
7ik4x98wrg,7ik4x98wrg
gutn31,gutn31
tzjr3rv,tzjr3rv
v5jw7q24er,v5jw7q24er
3d6pfl,3d6pfl
r5x9ny,r5x9ny
o3ncv5r,o3ncv5r
93zs4jqok0,93zs4jqok0
tl83lq,tl83lq
18nbajssw,18nbajssw
7s96096shd,7s96096shd
vajax,vajax
7vfc4,7vfc4
4utvwygv,4utvwygv
ll7,ll7
donvu1,donvu1
990c,990c
h3afhyh,h3afhyh
691tj,691tj
9v511,9v511
gny0g,gny0g
kk2zml,kk2zml
gsgtc3a7vu,gsgtc3a7vu
ylr,ylr
t87bey6g,t87bey6g
2lel,2lel
dyorl8m9t,dyorl8m9t
xc972r1,xc972r1
b7qzo6wgbh,b7qzo6wgbh
r9z,r9z
6tog5,6tog5
lhzsng,lhzsng
sdjl,sdjl
twyw1oryq,twyw1oryq
t3a0ew7,t3a0ew7
b2dujek,b2dujek
7xxl,7xxl
zj03egs,zj03egs
jf0ibedr,jf0ibedr
21n9,21n9
hkgwq7,hkgwq7
ikm1fk8xez,ikm1fk8xez
gbsske1blt,gbsske1blt
1z2k7l2th,1z2k7l2th
adz181oxaz,adz181oxaz
m45,m45
bv3xdiig,bv3xdiig
o9b56g,o9b56g
dvxerr,dvxerr
2v1r,2v1r
13z,13z
z3xuuxhaj,z3xuuxhaj
sa3nz,sa3nz
r8m80w1daf,r8m80w1daf
j5ggx2f8,j5ggx2f8
p9oaxvpwx,p9oaxvpwx
1y1xfibayx,1y1xfibayx
j17kaf,j17kaf
9c1c37,9c1c37
irsnag4563,irsnag4563
riau910y,riau910y
6bnvu9f89,6bnvu9f89
9565botu,9565botu
gm7fva18dx,gm7fva18dx
oy3a,oy3a
vyt06z,vyt06z
2q5z,2q5z
gmwwode,gmwwode
h73c7fffy,h73c7fffy
kr6ruh,kr6ruh
9jg,9jg
h22,h22
z57r9x1ju,z57r9x1ju
qzo,qzo
vneefve,vneefve
emz,emz
3wxws8x,3wxws8x
qupdt,qupdt
dc9miq4,dc9miq4
o663g763,o663g763
7mws1k,7mws1k
4vka1vn67x,4vka1vn67x
5j5l,5j5l
16jk3y,16jk3y
uiax,uiax
ezpm,ezpm
nb9,nb9
53sc14n5x9,53sc14n5x9
m2fxuj20v,m2fxuj20v
vjr,vjr
srsxc9,srsxc9
u1brh9,u1brh9
880x,880x
aec9ed,aec9ed
ffhi,ffhi
w9zkjmv61,w9zkjmv61
q5xt8p2dr,q5xt8p2dr
23t5l,23t5l
0p6,0p6
e0eddp2k2f,e0eddp2k2f
ckwt,ckwt
5w4p,5w4p
qbv470zze,qbv470zze
ypl,ypl
onef1,onef1
xeen,xeen
hjhi2,hjhi2
64hbf9,64hbf9
v922mk9dc,v922mk9dc
3bas,3bas
ayzd0gr,ayzd0gr
rrc7mfa,rrc7mfa
9ain5qn,9ain5qn
by2a3u,by2a3u
fg99,fg99
5ugsx,5ugsx
t6488,t6488
k7cr9wtqp,k7cr9wtqp
ibrlz3kgc,ibrlz3kgc
ltl,ltl
jamy2ntz,jamy2ntz
c30a,c30a
oc9gf,oc9gf
1pus,1pus
0dr4ual,0dr4ual
d36v5q,d36v5q
slr678kl1,slr678kl1
guw04,guw04
xrfub3gvny,xrfub3gvny
879eqvt5,879eqvt5
1hsvj4pq,1hsvj4pq
i8w,i8w
mfs5i9zk,mfs5i9zk
9wdpiy,9wdpiy
r52vm0pw1i,r52vm0pw1i
wkmmsrwvq,wkmmsrwvq
t6ulqu2y,t6ulqu2y
7jw06d,7jw06d
eq337mbimz,eq337mbimz
e64hn,e64hn
ckn9,ckn9
sabgl,sabgl
9ve,9ve
biezf72,biezf72
v6g,v6g
ld555f7s,ld555f7s
uyyim2qfgp,uyyim2qfgp
1ex2ehme0v,1ex2ehme0v
chme5cau8,chme5cau8
zktyoe,zktyoe
0gwen3i,0gwen3i
f08nehzxu,f08nehzxu
ptqbnn,ptqbnn
hue6jrd,hue6jrd
d7orlwbr7f,d7orlwbr7f
ff6qw,ff6qw
be1e99,be1e99
w77m66g6s,w77m66g6s
u9e9,u9e9
ru1cx,ru1cx
j0t6hlgc4,j0t6hlgc4
p854rkl,p854rkl
rips4e6k,rips4e6k
he0,he0
dgm9x0,dgm9x0
ba5yk5,ba5yk5
wq4uhu,wq4uhu
4p0qhqew,4p0qhqew
xd2lxcq30,xd2lxcq30
736ac,736ac
oaka9a7q5,oaka9a7q5
3frlhts5rt,3frlhts5rt
depoc,depoc
wjkj,wjkj
387fzr1v0v,387fzr1v0v
3l8acuk6gh,3l8acuk6gh
apf21amtj,apf21amtj
ikkr,ikkr
x7wm5pk,x7wm5pk
4a47v93xud,4a47v93xud
etggt,etggt
l3s1x156e3,l3s1x156e3
xj6x51lf,xj6x51lf
5355fiv,5355fiv
quwm,quwm
yetw,yetw
y9i928v,y9i928v
ltybot3c,ltybot3c
nx9d3re,nx9d3re
425r63ws,425r63ws
2galv3kf,2galv3kf
hhonark,hhonark
0qq,0qq
gf5eo4n,gf5eo4n
dh5egz50d,dh5egz50d
apvp,apvp
4kj116,4kj116
67b,67b
0z7punq00o,0z7punq00o
eql3ic9wb,eql3ic9wb
bcltjezymc,bcltjezymc
ccmx4,ccmx4
zn5,zn5
odl1a9fk,odl1a9fk
3xk,3xk
cpxbhg8ypo,cpxbhg8ypo
opdk3dheuj,opdk3dheuj
xjzr,xjzr
bjz,bjz
pk5l7n,pk5l7n
893s3,893s3
8lmp,8lmp
9ixpwa24,9ixpwa24
5wz,5wz
ey9p,ey9p
nvrk6,nvrk6
889wnc97a2,889wnc97a2
h7s4,h7s4
amw5x9mg,amw5x9mg
2kl,2kl
y5c1,y5c1
5xwysrlgkk,5xwysrlgkk
bz1xotm,bz1xotm
13k2qkdou1,13k2qkdou1
sqqvk,sqqvk
30c,30c
g8fxu08,g8fxu08
4xubbvwohk,4xubbvwohk
h6zqmuh,h6zqmuh
9zmslr59n,9zmslr59n
2ml9,2ml9
vpb0ekdb,vpb0ekdb
kex2h,kex2h
21ruzg3v33,21ruzg3v33
53slrjvf,53slrjvf
uhql3q6b9,uhql3q6b9
1v9ijytk,1v9ijytk
bpni,bpni
8ib1wu,8ib1wu
f8cth,f8cth
bgmz0e2,bgmz0e2
j2cna4,j2cna4
m03nth,m03nth
xkbj4so,xkbj4so
1h8sbx,1h8sbx
f4zwk,f4zwk
ybvy,ybvy
3qj7uz6ld,3qj7uz6ld
29aunwd,29aunwd
shq9,shq9
4yfj,4yfj
hnomqyc,hnomqyc
ykpvam5,ykpvam5
idgdu6wl9,idgdu6wl9
us94,us94
ffh,ffh
ka9nl11f,ka9nl11f
4y0z6p,4y0z6p
yntvpo8,yntvpo8
r4ld8ot,r4ld8ot
nmrs,nmrs
bsmj4sc,bsmj4sc
50h8g02,50h8g02
d55k0v,d55k0v
j7sq8gi6z,j7sq8gi6z
kmer4b39,kmer4b39
lyvr4oq,lyvr4oq
2cuhhj3,2cuhhj3
21c1m8iw,21c1m8iw
0zyrot,0zyrot
jyhb,jyhb
208,208
ci1x,ci1x
wf0s3ehjz,wf0s3ehjz
82q,82q
dszom,dszom
um7a0kqq,um7a0kqq
2my6z5,2my6z5
snnn9pur,snnn9pur
vfj23,vfj23
yz2z,yz2z
fpgqvog,fpgqvog
rwd8eny2jc,rwd8eny2jc
57cgy8n8dt,57cgy8n8dt
l4d,l4d
9la8j52n,9la8j52n
1ptny9,1ptny9
m7g8mtm,m7g8mtm
sznv,sznv
zd2cy,zd2cy
3mqj,3mqj
9gjy,9gjy
tl1oqfeem,tl1oqfeem
gpmcy,gpmcy
p5mirj713,p5mirj713
ohjhtfaap,ohjhtfaap
lla3o,lla3o
u9j,u9j
894,894
ev3ag3jw,ev3ag3jw
a19ns,a19ns
908,908
qi4htx9le,qi4htx9le
upr9,upr9
4ga,4ga
j78p,j78p
v9r,v9r
ihbx7gr,ihbx7gr
98dz4wuv,98dz4wuv
0mv,0mv
o2s0,o2s0
1ty,1ty
wh80pz5,wh80pz5
3eumu,3eumu
t3n8r,t3n8r
tpapv7c1,tpapv7c1
2s8fsuohbe,2s8fsuohbe
3i9jo1in,3i9jo1in
qijuj9u,qijuj9u
y4ft0z,y4ft0z
evct4z5,evct4z5
rskh,rskh
yrjjox3,yrjjox3
yjao,yjao
i9un95jt,i9un95jt
r46s,r46s
4s1nrhh3vr,4s1nrhh3vr
7u7lkjjz2k,7u7lkjjz2k
k7o90j,k7o90j
buq0h9c,buq0h9c
1vcgq,1vcgq
sna8jc2lb,sna8jc2lb
jii,jii
313pk0vv,313pk0vv
uxrjxhhk,uxrjxhhk
rfuc,rfuc
n8exuyuc,n8exuyuc
jfq8w,jfq8w
lbcysq,lbcysq
23vscqji,23vscqji
llwqkc,llwqkc
ouh,ouh
mmcd0upwd,mmcd0upwd
tjjm8,tjjm8
tb8ev3f,tb8ev3f
hcxge1vo,hcxge1vo
japp,japp
e5ndc0,e5ndc0
q54vry3j4,q54vry3j4
urxeof,urxeof
d0m,d0m
hy3q,hy3q
vjk96du8,vjk96du8
7z6,7z6
2hzp3lkomp,2hzp3lkomp
gpwexe,gpwexe
oypu1izw,oypu1izw
5ul88n,5ul88n
pdl,pdl
hu61d5mfo,hu61d5mfo
trdmc,trdmc
fepl879uz3,fepl879uz3
m6i6ph0uhm,m6i6ph0uhm
k7cyfvw7,k7cyfvw7
kinstg9,kinstg9
ills,ills
xx9sptv,xx9sptv
9ugke94y1,9ugke94y1
hti,hti
b0y,b0y
wudn5948j,wudn5948j
kxx3,kxx3
y9q,y9q
zewo,zewo
vf4btl9,vf4btl9
moxu0,moxu0
h6yu,h6yu
xe4,xe4
lye,lye
27v5,27v5
1ad5og0,1ad5og0
kbw5x,kbw5x
zx95t,zx95t
2plpq,2plpq
mp6,mp6
ogppcw,ogppcw
18is5b94qi,18is5b94qi
pol,pol
xaaub2qamx,xaaub2qamx
srllg7,srllg7
3ls,3ls
pke,pke
pvo9,pvo9
uyjftb6tsn,uyjftb6tsn
avk7m,avk7m
sumn,sumn
t7tibtr4z,t7tibtr4z
uemz6d7,uemz6d7
v5vsnwri,v5vsnwri
8ymms,8ymms
qxfxvug,qxfxvug
qw63yjr,qw63yjr
t1tcvutft,t1tcvutft
